Real,Regress√£o Linear,Random Forest,Gradient Boosting,XGBoost,Erro Percentual Reg. Linear,Erro Percentual RF,Erro Percentual GB,Erro Percentual XGB
3190.0,2180.3125,2271.25,2379.4945507942716,2527.684,0.3165164576802508,0.28800940438871475,0.2540769433246797,0.20762254481778997
4380.0,2578.5625,4127.09,2965.3576338819316,3132.929,0.411287100456621,0.05774200913242006,0.32297770915937635,0.2847194166488299
2325.0,3569.3125,3934.92,3706.630670966427,2880.852,0.5351881720430107,0.6924387096774194,0.5942497509533019,0.2390761508736559
1297.0,-65.4375,1767.41,1148.0699835480511,959.0774,1.050452968388589,0.3626908249807248,0.11482653542941315,0.26054171736459136
7253.0,7191.5625,6949.61,6172.040912867105,5696.262,0.008470632841582794,0.04182958775679034,0.14903613499695226,0.2146336402824693
2384.0,1968.0625,1894.62,1860.5217652336978,2988.6067,0.17447042785234898,0.20527684563758394,0.21957979646237508,0.25361018852899536
2116.0,1385.8125,1636.85,1218.6674876848283,591.5585,0.34507915879017015,0.22644139886578454,0.4240701854041454,0.7204355048772744
585.0,985.5625,1382.65,1101.9281743009692,1379.3436,0.6847222222222222,1.3635042735042737,0.8836379047879815,1.3578523554353632
3577.0,3071.8125,2329.22,3285.0399543111907,1503.441,0.1412321778026279,0.3488342186189545,0.08162148327895143,0.5796921889742627
8613.0,5529.5625,5576.17,6115.83520971901,6079.7812,0.35799808429118773,0.3525867874143736,0.28992973299442587,0.2941157262277952
484.0,-140.9375,1218.76,724.3641434742962,1431.3726,1.2911931818181819,1.518099173553719,0.49662013114524,1.9573813194085743
3965.0,4916.0625,4165.56,3677.746651657177,2379.8633,0.23986443883984868,0.05058259773013882,0.07244725052782418,0.3997822745901639
1376.0,1880.0625,1838.32,1575.0216196625927,1315.9784,0.36632449127906974,0.33598837209302324,0.14463780498734932,0.04362035352130269
7297.0,8034.3125,6694.71,6759.918475791186,6686.47,0.10104323694669042,0.08253939975332328,0.07360305936807096,0.0836686015014732
6288.0,8151.5625,5826.15,5049.241761549915,4248.615,0.2963680820610687,0.07344942748091608,0.1970035366491865,0.32432963829914124
4153.0,3756.5625,4138.61,3837.467988364828,3985.8,0.09545810257645077,0.0034649650854804543,0.07597688698174133,0.040260041216439925
3368.0,3922.6875,3040.64,3952.1487533912004,2815.8875,0.16469343824228028,0.0971971496437055,0.17344084126817116,0.1639289040463554
1098.0,919.5625,1838.72,1001.75879417673,555.6398,0.16251138433515483,0.6746083788706739,0.08765137142374316,0.49395285017503415
2124.0,965.5625,1590.375,1571.640153186126,1570.5181,0.5454037193973634,0.2512358757062147,0.2600564250536129,0.2605847144979991
3643.0,2944.0625,3279.92,3012.8206149512444,1623.9656,0.19185767224814712,0.09966511117211088,0.17298363575315828,0.5542230095602868
8858.0,9977.3125,8857.11,9817.499577473336,8144.95,0.12636176337773763,0.00010047414766306366,0.10832011486490586,0.08049783299700836
3414.0,4193.3125,4768.58,3891.1574910113236,4174.82,0.22826962507322787,0.39677211482132396,0.1397649358556894,0.22285290691820445
6070.0,2755.5625,3050.55,2716.537097399289,3302.6426,0.5460358319604612,0.49743822075782534,0.5524650580890792,0.4559073182660626
1503.0,1191.5625,1499.88,1639.032987902171,1449.4279,0.20721057884231536,0.002075848303393141,0.09050764331481773,0.03564347541895376
3074.0,2819.5625,2255.0,2843.132375648707,2844.9438,0.08277081977878985,0.2664281067013663,0.07510332607394053,0.07451403784767405
1823.0,3466.8125,4110.67,3913.96778367553,2211.519,0.901707350521119,1.2548930334613275,1.146992750233423,0.21312070376782777
2323.0,4622.0625,3768.4,4124.008901446091,3607.6492,0.9896954369349978,0.6222126560482135,0.775294404410715,0.5530129874825118
6289.0,6545.5625,7598.81,6060.379473351684,7714.8643,0.040795436476387344,0.20826999522976633,0.036352445006887536,0.2267235264449833
10477.0,7198.5625,8277.8,7970.112951743727,8557.071,0.3129175813687124,0.2099074162451084,0.23927527424417996,0.18325176204423976
2859.0,3710.5625,2115.32,2672.4520034070865,2903.7695,0.29785327037425674,0.2601189227002448,0.06524938670616072,0.01565915748513466
882.0,855.8125,1386.37,1483.5117748473817,1497.8846,0.029691043083900227,0.5718480725623581,0.6819861392827458,0.6982819087921627
1881.0,2091.5625,1692.95,1693.464618029913,2020.6129,0.11194178628389155,0.099973418394471,0.09969983092508611,0.07422270868637028
1530.0,2707.0625,2771.05,2632.376890634422,2723.1675,0.7693218954248366,0.8111437908496734,0.720507771656485,0.7798480264501634
1323.0,950.0625,1562.62,1030.9949687007374,1933.9803,0.28188775510204084,0.18111866969009818,0.22071430937208053,0.4618143209974962
3079.0,4325.5625,2667.84,3508.2080954353123,1987.0637,0.4048595323156869,0.13353686261773298,0.1393985370039988,0.3546399088330221
2760.0,4691.5625,3810.78,5301.202861619381,5207.6445,0.6998414855072463,0.3807173913043479,0.9207256744997757,0.8868277287137681
2862.0,4962.8125,4622.63,4621.610932698085,4684.7397,0.7340365129280224,0.6151747030048917,0.6148186347652288,0.636876221556167
2133.0,3004.0625,2170.52,3238.7610986722025,4016.5857,0.40837435536802624,0.017590248476324417,0.5184065160207232,0.8830687732580286
3485.0,4590.3125,4897.47,4154.388376179069,4530.975,0.3171628407460545,0.4052998565279771,0.1920770089466483,0.3001363264436872
6229.0,5517.5625,6731.29,5835.132681923001,5679.709,0.11421375822764489,0.08063734146733022,0.06323122781778764,0.08818285689918125
4473.0,3176.8125,3836.64,3596.4685689194716,3073.431,0.289780348759222,0.1422669349429913,0.19596052561603586,0.31289270999259444
2012.0,1161.5625,1048.06,1284.459095106861,1056.3033,0.4226826540755467,0.4790954274353877,0.3616008473623951,0.4749983376110524
3749.0,2914.0625,3699.71,3072.144112025813,3583.3289,0.22270938917044544,0.013147506001600417,0.18054304827265596,0.04419075555564817
2831.0,3356.5625,3441.39,3261.347398118933,3990.9526,0.18564553161427058,0.21560932532673963,0.15201250375094777,0.4097324749977923
2745.0,4030.5625,3884.45,3618.3134723769135,3551.0232,0.4683287795992714,0.4151001821493624,0.3181469844724639,0.29363322162454464
1262.0,3102.5625,3606.15,2561.7144862074556,3582.9058,1.4584488906497624,1.857488114104596,1.029884695885464,1.83906954177397
6872.0,4678.6875,4742.43,3831.276760985508,4487.7354,0.3191665454016298,0.3098908614668218,0.44248009880886086,0.3469535285852008
918.0,521.5625,1493.32,780.6731114399427,1741.3528,0.431849128540305,0.626710239651416,0.1495935605229383,0.8968984566482843
609.0,-1258.9375,1293.84,7.84660050091496,908.52765,3.067220853858785,1.1245320197044333,0.9871155985206651,0.49183521991097084
601.0,1649.0625,2603.3,2284.7688269343025,1831.491,1.7438643926788686,3.331613976705491,2.801612024849089,2.0474059347701745
3234.0,2451.5625,2468.155,2103.797860213753,2173.7627,0.24194109461966604,0.23681045145330853,0.3494749968417584,0.3278408486974335
6742.0,5341.0625,5912.59,5590.969081242648,6681.344,0.20779256897063186,0.12302135864728565,0.17072544033778583,0.00899670153051765
1603.0,1570.0625,1786.13,1575.7675765646268,1512.813,0.020547411104179663,0.1142420461634436,0.016988411375778677,0.05626139221381784
2820.0,4734.5625,3328.18,4054.6626519387974,3908.6628,0.6789228723404256,0.1802056737588652,0.4378236354392898,0.38605065311945924
1804.0,2527.0625,2686.97,3217.5561281466257,3191.992,0.4008106984478936,0.489451219512195,0.7835676985291717,0.7693968643898974
1913.0,2043.5625,3000.89,2393.4193473429823,2917.8506,0.06825013068478829,0.5686826973340302,0.25113400279298603,0.5252747443478829
3676.0,2465.0625,2220.72,3502.604428264795,3055.7102,0.32941716539717086,0.39588683351468995,0.04716963322502858,0.1687404229928931
1295.0,2362.5625,1741.26,1556.0873906845327,1722.519,0.8243725868725869,0.3446023166023166,0.20161188469848085,0.3301305351110039
1200.0,1180.5625,1231.19,1547.2241105517203,1479.6128,0.016197916666666666,0.02599166666666671,0.2893534254597669,0.23301066080729166
1101.0,1628.0625,1804.08,1500.9009587763953,1141.1152,0.4787125340599455,0.6385831062670299,0.36321612967883316,0.03643527191189828
4675.0,4209.5625,3854.72,3669.579569651608,7689.847,0.09955882352941177,0.17546096256684496,0.21506319365741006,0.6448870947526738
2225.0,5822.0625,7447.2,6330.348852203332,6941.6343,1.6166573033707865,2.3470561797752807,1.8451006077318346,2.119835630266854
6350.0,3327.5625,2988.47,2648.6555048183377,2397.7185,0.4759744094488189,0.5293748031496063,0.5828888968790019,0.6224065345103347
1413.0,3124.5625,2650.5,2511.2099891233074,2182.2007,1.2112968860580327,0.8757961783439491,0.7772186759542161,0.5443741568250177
1275.0,-381.4375,1437.75,921.3167674059496,1441.5297,1.2991666666666666,0.12764705882352942,0.27739861379925523,0.13061150045955883
2896.0,4440.5625,4479.4,3968.1722427397413,4553.0117,0.5333434046961326,0.5467541436464087,0.3702252219405184,0.5721725548169889
2241.0,2007.5625,2579.015,1772.9705224273348,2129.2314,0.10416666666666667,0.15083221775992856,0.20884849512390236,0.049874410837795626
2389.0,1535.0625,2364.4,1841.7736704102017,2500.4585,0.357445583926329,0.010297195479279996,0.229060832812808,0.04665487488227292
8133.0,6585.5625,7236.16,7278.419254298886,6468.462,0.19026650682405016,0.11027173244805116,0.10507570954151164,0.20466470993944424
2864.0,2266.8125,3204.57,2097.512664109852,2022.5018,0.20851518854748605,0.11891410614525146,0.2676282597381802,0.2938191930674974
6078.0,3221.5625,1649.77,2379.38572579779,1843.0184,0.4699633925633432,0.728566962816716,0.6085248888124728,0.6967722223400481
368.0,404.1875,827.27,1008.9162650463783,589.68884,0.09833559782608696,1.248016304347826,1.7416202854521148,0.6024153336234714
385.0,765.0625,1195.56,818.1710055383373,387.4821,0.9871753246753247,2.1053506493506493,1.1251194949047723,0.006446977095170454
1048.0,183.0625,1868.39,1367.9551926907575,1557.2489,0.8253220419847328,0.7828148854961833,0.3053007563843106,0.4859245242053316
6419.0,5933.5625,6626.18,7453.254263839226,7292.892,0.07562509736719115,0.03227605546035212,0.1611238921699994,0.1361414690518383
1024.0,1879.0625,2007.18,2217.9853859546715,1784.978,0.83502197265625,0.9601367187500001,1.166001353471359,0.7431426048278809
2303.0,2773.0625,2255.61,2349.983327207546,2274.4907,0.20410877116804169,0.02057750759878414,0.020400923668061725,0.012379191204407294
458.0,313.5625,1335.98,1275.5838785206136,904.2146,0.31536572052401746,1.9169868995633188,1.785117638691296,0.9742676847366266
2246.0,1619.0625,1779.69,1686.07383319588,1073.705,0.27913512911843275,0.20761798753339267,0.24929927284243986,0.5219479269569512
727.0,1083.5625,1231.21,1350.189716436948,655.0201,0.4904573590096286,0.6935488308115544,0.8572073128431196,0.0990095177903628
1453.0,1894.5625,2346.8,1981.7473905534719,2915.637,0.3038971094287681,0.6151410874053683,0.36390047526047614,1.0066324589749656
2171.0,2029.5625,2023.15,1719.3389316304551,2512.072,0.06514854905573468,0.06810225702441267,0.208042868894309,0.1571036487721672
2697.0,2366.5625,2185.25,2658.348818235394,1776.0161,0.12252039302929181,0.18974786800148313,0.014331176034336673,0.3414845705297553
1007.0,416.0625,1132.21,898.8172022594024,1337.0083,0.5868296921549155,0.12433962264150947,0.1074307822647444,0.3277143006765144
701.0,1109.0625,1281.16,1279.5622759244307,1240.379,0.5821148359486448,0.827617689015692,0.8253384820605287,0.7694422657921719
626.0,-883.9375,1244.23,692.7171649463148,1065.2021,2.412040734824281,0.9875878594249201,0.10657694080880963,0.7016008760982428
1845.0,6055.3125,6172.86,7628.086585580971,8891.564,2.2820121951219514,2.345723577235772,3.1344642740276263,3.8192761263550135
14027.0,10299.0625,10166.32,10740.61795204981,11470.538,0.26576869608611964,0.275232052470236,0.2342897303735788,0.18225293463053396
5771.0,2926.5625,3717.8,2545.6820718946283,2919.6003,0.4928846820308439,0.3557788944723618,0.5588837165318613,0.494091086155454
1525.0,2610.0625,1901.83,1960.6832359121133,1290.4785,0.711516393442623,0.24710163934426224,0.285693925188271,0.1537845799180328
1283.0,2561.4375,1739.91,1953.444911301065,1557.8116,0.9964438815276695,0.35612626656274365,0.5225603361660679,0.21419457950725837
518.0,108.6875,1199.21,826.9227763684971,1222.6322,0.7901785714285714,1.31507722007722,0.5963760161553998,1.360293826541385
7119.0,7622.0625,5091.09,5603.064042897598,5429.268,0.07066477033291192,0.28485882848714705,0.21294226114656586,0.2373552371953575
3021.0,4007.5625,2785.56,3019.62961531099,2064.0312,0.32656818934127774,0.07793445878848065,0.0004536195594206636,0.31677217808672625
2751.0,7200.5625,6907.76,6776.683465299061,6027.52,1.6174345692475462,1.5109996364958198,1.463352768193043,1.1910287239299346
660.0,994.5625,2102.82,1417.627778051257,266.804,0.5069128787878788,2.1860909090909093,1.147920875835238,0.5957515369762074
2463.0,2447.5625,1791.77,1956.7238217111799,1516.625,0.0062677628907835976,0.2725253755582623,0.20555265054357294,0.38423670320747055
2249.0,3097.5625,2989.65,3622.6854598603577,3182.3481,0.3773065807025345,0.3293241440640285,0.610798336976593,0.415005844611494
14421.0,8645.5625,10959.59,10403.959738950147,16086.708,0.40048800360585257,0.24002565702794534,0.2785549033388706,0.11550572136554331
3966.0,3801.5625,2968.68,3728.818032102915,1565.6561,0.04146180030257186,0.25146747352496224,0.059803824482371426,0.6052304266440526
3077.0,4866.5625,4893.01,4977.730341901237,4140.936,0.5815932726681833,0.5901884952876179,0.6177219180699502,0.3457705671616022
959.0,3303.5625,2376.73,2683.660812212702,2678.6902,2.4447992700729926,1.478342022940563,1.7983950075210655,1.7932118723116528
745.0,-460.1875,1825.97,623.3791360089298,723.64,1.6177013422818791,1.4509664429530202,0.16324948186720836,0.0286711212772651
2684.0,2215.3125,1904.94,1940.3597424817913,1575.4827,0.17462276453055142,0.29026080476900146,0.27706417940320743,0.4130094388913469
1393.0,1133.5625,1327.9,1602.7090562904782,1394.9824,0.18624371859296482,0.04673366834170848,0.1505449076026405,0.0014231312814070353
1880.0,2746.5625,2105.38,2419.083184549192,987.5064,0.4609375,0.11988297872340431,0.28674637476020853,0.4747306336747839
1199.0,2142.0625,1818.54,1931.130483002473,1137.7682,0.7865408673894912,0.5167139282735612,0.6106175838219124,0.05106906715883028
3069.0,2904.3125,3247.0725,2892.8740930047543,3480.3357,0.05366161616161616,0.05802297165200398,0.0573886956647917,0.134029225597711
3972.0,4455.4375,3529.43,3818.180601301005,4225.074,0.12171135448136959,0.11142245720040286,0.038725931193100444,0.0637145565835851
14896.0,4565.5625,4710.48,4324.371013594173,5600.746,0.6935041286251342,0.6837755102040817,0.709695823469779,0.6240100635237648
2302.0,4092.4375,3334.46,3326.6990501260857,2414.4622,0.777774761077324,0.4485056472632494,0.44513425287840386,0.04885410868945482
731.0,-137.4375,966.87,569.487516994608,635.2915,1.1880129958960328,0.32266757865937074,0.22094730917290292,0.13092817523084815
1433.0,985.0625,1490.39,1329.6827463195168,1593.4432,0.31258722958827634,0.040048848569434824,0.07209857200312854,0.11196318025449233
1338.0,1404.3125,2217.63,1285.5611957692981,2289.729,0.04956091180866966,0.6574215246636772,0.03919193141308062,0.7113071778073617
1295.0,1945.5625,1848.29,1494.8890868175615,2316.1973,0.5023648648648649,0.42725096525096523,0.1543545071950282,0.788569317084942
1872.0,2272.3125,2059.99,2278.2814272264786,2075.7798,0.21384214743589744,0.10042200854700843,0.2170306769372215,0.10885672283987714
884.0,2202.8125,1827.1,2007.6372836717521,2661.1062,1.4918693438914028,1.0668552036199095,1.2710829000811676,2.01030113254737
2538.0,2665.5625,1669.89,2133.0988708102445,2313.5884,0.05026103230890465,0.34204491725768316,0.1595355118950967,0.0884206544892632
3105.0,3226.8125,1564.19,2556.065380732149,2181.3672,0.039231078904991945,0.49623510466988724,0.17679053760639318,0.2974662842190016
7629.0,6713.0625,6321.9,6419.127825273529,4524.118,0.1200599685410932,0.1713330711757767,0.15858856661770493,0.4069841179627081
2171.0,1214.9375,1277.57,1161.0209233188057,1349.4944,0.4403788576692768,0.41152924919391987,0.4652137617140462,0.3783996385234339
2779.0,5251.5625,4548.79,3963.3573390596694,3980.6277,0.8897310183519251,0.6368441885570348,0.4261811223676392,0.43239571268329435
1138.0,-246.6875,1478.81,1145.0432882159828,1371.233,1.2167728471001757,0.2994815465729349,0.006189181209123712,0.204949940445134
1657.0,2159.9375,2297.99,2140.8900237742514,2069.4556,0.3035229330114665,0.38683765841882906,0.2920277753616484,0.24891705878470127
2767.0,2228.5625,2391.72,1991.793703394701,2285.8044,0.19459251897361762,0.13562703288760397,0.28016129259316913,0.17390515238186663
1928.0,3624.3125,3720.18,3136.390423939864,3239.5244,0.8798301348547718,0.9295539419087137,0.6267585186410083,0.6802512521071058
2384.0,6214.0625,4266.69,4295.221497014688,4395.1704,1.6065698406040267,0.7897189597315435,0.801686869553141,0.843611749226615
1244.0,400.6875,904.25,1095.1869549658468,714.8404,0.6779039389067524,0.27311093247588425,0.11962463427182735,0.4253694589498342
3331.0,2474.8125,2336.02,2687.7245005927866,2509.2495,0.25703617532272593,0.2987030921645152,0.19311783230477736,0.2466978349688532
1597.0,2804.8125,2163.19,2090.0512364487427,1570.0391,0.7563008766437069,0.35453350031308706,0.3087359025978351,0.016882240137758298
3863.0,5527.0625,4523.81,4723.196684958847,4613.047,0.430769479679006,0.17106135128138764,0.22267581800643207,0.1941617589955993
709.0,329.0625,1283.0,1325.2046506492852,559.4443,0.5358779971791255,0.8095909732016925,0.8691179839905292,0.2109389634663699
802.0,1206.3125,1463.36,1299.5984347169476,1509.4006,0.5041302992518704,0.8246384039900249,0.6204469260809821,0.882045679258884
1736.0,855.8125,1738.72,1266.4664018312617,1052.8394,0.5070204493087558,0.0015668202764977115,0.2704686625395958,0.39352571689588134
662.0,1101.5625,1327.49,1568.163409766541,1005.5815,0.6639916918429003,1.0052719033232629,1.3688269029706057,0.5190052597184196
783.0,2377.0625,3215.59,2674.8914090166086,2241.8713,2.035839719029374,3.106756066411239,2.41620869606208,1.8631817853009258
1835.0,2469.8125,2436.19,2799.377418792932,3208.7295,0.3459468664850136,0.3276239782016349,0.5255462772713526,0.748626426260218
932.0,2155.5625,3358.7,2626.372327934133,2679.3555,1.3128353004291846,2.603755364806867,1.8179960600151641,1.8748449235515021
1374.0,2597.8125,2349.98,2844.6431573024724,1736.2017,0.8906932314410481,0.7103202328966521,1.0703370868285826,0.2636111063728166
1164.0,5454.0625,2940.98,3029.6451853528492,1369.1007,3.685620704467354,1.526615120274914,1.6027879599251282,0.17620335739502793
6143.0,6371.5625,6511.53,8190.301681941838,7604.392,0.037206983558521894,0.059991860654403345,0.33327391859707606,0.2378955054279261
1204.0,2300.5625,2615.85,1604.8029416746567,2001.3259,0.910766196013289,1.1726328903654484,0.33289280869988097,0.6622308369886836
433.0,-342.4375,1151.15,491.4638311284804,786.67004,1.7908487297921478,1.6585450346420325,0.13502039521589013,0.8167899398275116
1574.0,914.4375,1369.01,1355.0572187330483,1268.2842,0.4190358958068615,0.13023506988564168,0.13909960690403536,0.1942286024857052
5800.0,6471.1875,6973.39,6242.137301677457,5325.7236,0.1157219827586207,0.20230862068965522,0.07623056925473394,0.0817717874461207
3161.0,2750.9375,2234.47,2388.405445880905,2436.156,0.12972556153116102,0.2931129389433724,0.24441460111328533,0.22930844484043816
907.0,1005.8125,1531.5,1370.9068426762444,586.6143,0.10894432194046307,0.6885336273428887,0.5114739169528605,0.35323669366300303
3447.0,-1356.8125,1145.77,761.1701046878472,603.94775,1.393621264868001,0.6676037133739484,0.7791789658578918,0.8247903237869887
2712.0,5275.3125,6403.5,6531.681890295557,5574.48,0.9451742256637168,1.3611725663716814,1.4084372751827277,1.0554867184619285
1938.0,2410.5625,2375.02,1492.195623199618,2399.703,0.24384029927760578,0.22550051599587204,0.2300332181632518,0.23823678062919246
1851.0,2510.5625,2114.22,1957.393473442858,1635.7471,0.356327660723933,0.14220421393841157,0.057478915960485176,0.11629007546596434
3512.0,5028.5625,4693.76,4462.236163594867,4754.516,0.4318230353075171,0.336492027334852,0.2705683837115226,0.3537916040094675
2427.0,2414.8125,2155.45,2224.4351878884327,1750.7491,0.005021631644004944,0.11188710341985998,0.08346304578144513,0.2786365284269417
1190.0,3253.0625,4187.18,3971.630344295747,3886.0974,1.7336659663865546,2.518638655462185,2.3375044910048293,2.265628077402836
1546.0,1686.0625,1635.11,1473.6423919746317,1119.6758,0.09059670116429495,0.05763906856403616,0.046803109977599185,0.27575952053686936
3017.0,3004.5625,2034.5,2337.016604930424,2714.2324,0.0041224726549552535,0.3256546237984753,0.22538395593953467,0.10035385420119323
276.0,88.5625,1182.52,1783.3184163485064,1771.7345,0.6791213768115942,3.2844927536231885,5.461298609958357,5.419327887935915
926.0,2659.3125,4059.0,2679.4417674241313,3997.8271,1.8718277537796977,3.3833693304535637,1.8935656235681764,3.3173079356776456
1391.0,1716.5625,1710.39,1512.8817252602641,466.32327,0.234049245147376,0.22961179007907986,0.08762165726834231,0.6647568132961337
4057.0,4465.0625,3994.24,3597.0018331981723,4785.4746,0.10058232684249445,0.015469558787281295,0.11338382223362772,0.17955992343480404
931.0,2356.5625,2953.62,910.9784383642934,3714.1929,1.5312164339419978,2.1725241675617615,0.021505436773046806,2.9894660269535445
2901.0,3637.5625,2544.84,3352.93555749906,4205.5415,0.25389951740779043,0.12277145811789034,0.15578612805896588,0.44968683347337124
684.0,834.9375,1273.06,1076.118186481212,1368.8495,0.2206688596491228,0.8611988304093566,0.5732722024579122,1.001241940503929
7476.0,8225.5625,8472.42,8318.182675384498,7404.766,0.10026250668806849,0.1332825040128411,0.11265150821087454,0.009528342257724719
2221.0,2267.5625,2453.21,1723.5217192695955,2563.4465,0.020964655560558307,0.10455200360198111,0.22398841995965987,0.154185742099561
4843.0,2843.5625,2359.08,2731.6919605741373,2777.2637,0.4128510220937435,0.5128887053479249,0.43595045208050026,0.42654064177679124
2515.0,2806.8125,3805.7,3225.166369779225,3919.9382,0.11602882703777335,0.5132007952286282,0.2823723140275249,0.5586235516587972
3651.0,2957.5625,3211.16,3422.3867785516854,5466.2104,0.1899308408655163,0.12047110380717616,0.06261660406691716,0.4971817171237332
1494.0,2231.0625,3368.91,2834.886758574462,3030.148,0.49334839357429716,1.2549598393574297,0.8975145639721968,1.0282114787274097
5381.0,10544.0625,7949.96,10678.769160442554,11239.098,0.9594986991265564,0.477413120237874,0.9845324587330523,1.088663381574057
3399.0,2916.5625,2838.47,2522.9076573574293,2261.262,0.1419351279788173,0.16491026772580178,0.2577500272558313,0.33472728364500587
1478.0,1509.0625,2053.45,1855.828854240179,2371.848,0.02101657645466847,0.3893437077131257,0.2556352193776583,0.6047685388299222
1449.0,2168.8125,2061.71,1938.6084923523415,1455.9176,0.49676501035196685,0.42285024154589373,0.3378940595944386,0.004774052821989303
1743.0,2680.3125,2119.07,2026.906234389034,1744.8226,0.5377581755593803,0.21576018359150897,0.16288366861103493,0.0010456866528614458
3077.0,3007.5625,1850.41,2494.884227116825,2781.6394,0.02256662333441664,0.39863178420539486,0.18918289661461649,0.09598979385866915
1766.0,2212.5625,2535.74,1605.6207171058509,839.97644,0.2528666477916195,0.43586636466591155,0.09081499597630188,0.5243621515120682
2030.0,3764.5625,2879.07,3282.480747009185,7459.2607,0.8544642857142857,0.41826108374384247,0.6169855896596971,2.6745126808805417
1154.0,-381.0625,1012.86,916.8177375157688,486.44382,1.3302101386481802,0.12230502599653378,0.20553055674543427,0.5784715622715149
4272.0,3353.8125,3081.84,3522.156018502925,1784.5221,0.2149315308988764,0.27859550561797747,0.17552527656766742,0.5822747905602615
5595.0,9838.1875,8219.76,10271.274617431534,7623.5293,0.7583891867739053,0.46912600536193033,0.8357952846168962,0.36256108970062556
2122.0,2194.6875,2012.72,1886.3801244928954,2879.832,0.034254241281809615,0.05149858623939678,0.11103669910796633,0.35713102320923656
4139.0,3280.5625,3500.71,3885.8508556203074,3501.1584,0.2074021502778449,0.1542135781589756,0.06116190973174502,0.15410523139269752
846.0,1877.8125,2289.36,2179.3910639137603,2843.0132,1.219636524822695,1.706099290780142,1.576112368692388,2.3605356780067965
1532.0,485.0625,1228.68,1207.3936027798516,1835.5475,0.6833795691906005,0.19798955613577018,0.2118840712925251,0.19813804526864393
3976.0,5216.5625,4382.62,4334.738413927286,5327.451,0.31201270120724345,0.10226861167002009,0.09022595923724504,0.33990220620598594
766.0,593.0625,1015.51,1010.2078277013584,1115.1393,0.22576697127937337,0.3257310704960835,0.3188091745448543,0.45579540760647846
1246.0,3095.5625,2119.26,2504.200580564961,3056.3674,1.4844000802568218,0.7008507223113967,1.0097917982062288,1.4529433640775482
1542.0,2849.5625,2014.39,2475.639627928967,2326.3132,0.8479653047989624,0.306348897535668,0.6054731698631434,0.5086337434642509
929.0,4081.3125,4021.01,2928.5873959737496,4184.8374,3.3932319698600644,3.328320775026911,2.1524083917909036,3.5046688938038213
3029.0,3874.0625,3250.04,2882.626250638161,2893.6448,0.2789905909541103,0.07297457906899965,0.04832411665957053,0.044686439289988444
1533.0,1828.3125,1946.37,1799.0347991361589,1673.3724,0.19263698630136986,0.26964774951076315,0.17353868175874682,0.09156714711248369
6681.0,7309.8125,7614.92,8440.228068524766,9003.958,0.09411951803622212,0.13978745696751985,0.2633180764144239,0.3476961544398294
888.0,853.3125,945.68,1174.5520078040831,716.02704,0.0390625,0.0649549549549549,0.3226937024820756,0.19366324484885275
4297.0,4468.5625,3609.28,5296.522631569298,5425.4697,0.039926111240400276,0.1600465441005352,0.23260940925513102,0.26261804202059574
1908.0,3702.5625,3911.15,3820.8878565318437,3611.397,0.9405463836477987,1.0498689727463313,1.0025617696707776,0.8927657089393344
3235.0,4409.5625,3205.35,3501.4752511010142,2460.819,0.36307959814528595,0.009165378670788281,0.08237256602813423,0.23931403653883307
7408.0,8292.5625,7595.04,6880.456585175223,5899.622,0.11940638498920086,0.025248380129589628,0.07121266398822582,0.20361473132930616
6568.0,3208.5625,3397.84,2894.6501808416,1729.1746,0.5114856120584653,0.482667478684531,0.559279814122777,0.7367273811591237
3632.0,4994.0625,5381.65,4276.2918821081,4073.7808,0.37501720814977973,0.4817318281938325,0.1773931393469439,0.12163567227939152
9436.0,9801.0625,8455.2,9312.67978719514,7103.7593,0.03868826833403985,0.10394234845273413,0.013069119627475593,0.24716412914966618
6836.0,9117.5625,11124.33,11050.824553510025,11780.291,0.33375694850789933,0.627315681685196,0.6165629832519054,0.723272530079725
2319.0,3607.0625,4000.43,2865.1654012731146,2891.928,0.5554387667097888,0.7250668391548081,0.2355176374614552,0.24705820548323632
1236.0,2363.0625,2700.1,2418.220694508377,3481.6702,0.9118628640776699,1.184546925566343,0.9564892350391401,1.816885247585457
5003.0,5553.3125,3853.32,4519.852612991973,6177.854,0.10999650209874076,0.22979812112732356,0.09657153448091689,0.23482990283954627
886.0,751.8125,1201.85,782.8373229453704,933.83417,0.15145316027088035,0.3564898419864559,0.11643643008423209,0.05398890234815886
1442.0,2390.5625,1496.33,1847.5585941577322,1610.1687,0.6578103328710125,0.037676837725381364,0.2812472913715202,0.11662184547286754
2978.0,2951.3125,2610.46,2923.2748983656743,2816.0986,0.008961551376762928,0.12341840161182,0.01837646126068694,0.054365804965580924
2359.0,4684.5625,3155.21,4060.931489282767,2903.2664,0.9858255616786774,0.33752013565069944,0.7214631154229618,0.2307191002212272
2996.0,3595.0625,3951.55,3381.0297512373177,3154.6804,0.19995410547396528,0.31894192256341797,0.1285146032167282,0.052964092096754005
3780.0,4633.5625,3085.69,3308.9971428271497,4662.3135,0.2258101851851852,0.18367989417989417,0.12460393046900803,0.233416263640873
5190.0,4213.0625,2981.67,3790.1147454811544,3063.8796,0.18823458574181118,0.42549710982658956,0.2697274093485252,0.4096571023753613
4795.0,6443.8125,6850.73,7677.455675310417,8261.172,0.3438607924921794,0.42872367049009374,0.601137784214894,0.7228721324296142
697.0,1617.8125,1498.42,1505.3077237240382,1550.8893,1.3211083213773314,1.149813486370158,1.159695442932623,1.22509222701085
4165.0,3975.5625,3462.91,3088.6098807583285,2858.0398,0.04548319327731092,0.16856902761104445,0.2584370034193689,0.3137959676057923
3973.0,3934.5625,3838.61,4063.7010622237635,3905.6277,0.009674679083815757,0.03382582431412028,0.02282936376132986,0.016957542021929273
1864.0,704.0625,1188.1,1434.4542531322293,1123.3143,0.6222840665236051,0.3626072961373391,0.23044299724665812,0.3973635563011333
1047.0,187.5625,1634.86,838.1937268943007,1049.3147,0.8208572110792741,0.5614708691499521,0.19943292560238715,0.0022107901295367717
433.0,2070.0625,2592.29,2401.936039751211,2571.871,3.7807448036951503,4.986812933025404,4.5471963966540665,4.939656105658199
3711.0,5810.3125,7802.61,6799.60055003069,7090.213,0.5656999461061708,1.1025626515763944,0.8322825518810806,0.9105936110549717
1206.0,-545.8125,1116.43,527.8758299517538,345.5249,1.4525808457711442,0.07427031509121056,0.5622920149653783,0.7134951058509535
1543.0,-138.4375,998.57,605.5084648085076,1066.884,1.0897197018794555,0.3528386260531432,0.6075771452958473,0.3085651113395172
3380.0,1647.5625,1966.37,2063.412491617004,1939.1688,0.5125554733727811,0.41823372781065093,0.3895229314742592,0.42628141324195634
1258.0,1653.0625,3313.54,2751.3822831978073,2744.326,0.31404014308426076,1.6339745627980922,1.187108333225602,1.1814991476425873
2073.0,191.6875,1294.24,1298.65060424524,1695.4568,0.907531355523396,0.3756681138446696,0.37354047069694163,0.1821240776124578
2606.0,3287.9375,2647.4,2954.4017064586883,2043.8522,0.2616797774366846,0.015886415963161968,0.13369213601638077,0.2157129037407665
2096.0,2098.0625,2063.22,2156.0186302632533,2009.6398,0.000984017175572519,0.01563931297709933,0.028634842682849843,0.041202399566883346
1255.0,655.5625,925.02,761.1999112957423,542.927,0.4776394422310757,0.2629322709163347,0.3934662061388508,0.5673888430652391
1236.0,2453.0625,2203.81,2117.471663509961,1261.8909,0.9846783980582524,0.7830177993527507,0.7131647763025576,0.0209473051299555
1278.0,3780.5625,2800.07,2942.44044426879,1236.0067,1.9581866197183098,1.1909780907668233,1.3023790643730753,0.0328585963480536
1374.0,1839.5625,1881.05,2446.2077748875677,891.3111,0.3388373362445415,0.36903202328966517,0.7803550035571817,0.35130196783740447
3949.0,2482.1875,3554.76,2217.4117167973186,3946.9934,0.3714389718916181,0.09983286908077989,0.4384877901247611,0.0005081265628956698
2390.0,2063.5625,1081.67,1788.3094640693328,1344.9122,0.1365847280334728,0.547418410041841,0.25175336231408674,0.4372752169684885
1201.0,3363.8125,2492.97,2435.803002205925,3714.5732,1.8008430474604495,1.075745212323064,1.0281457137434848,2.0929002849188176
2788.0,2882.6875,2252.85,2642.330928154435,2082.767,0.03396251793400287,0.19194763271162127,0.052248591049341896,0.25295298068732064
1264.0,1785.5625,1119.82,1968.0393015185691,1674.5671,0.4126285601265823,0.11406645569620258,0.5569931182900072,0.3248157742657239
4020.0,4350.5625,3195.23,4258.199377674587,4877.9707,0.0822294776119403,0.20516666666666666,0.059253576535966836,0.21342554804104477
2507.0,2290.3125,1882.02,2343.088940808237,2307.9478,0.08643298763462305,0.24929397686477864,0.06538135588024048,0.07939858240676106
2397.0,3384.75,3236.2,3004.400985951756,2993.7737,0.4120775969962453,0.35010429703796403,0.25340049476502124,0.24896690932024407
3915.0,3519.9375,2914.41,3597.9131224417442,2796.7546,0.10090996168582375,0.2555785440613027,0.08099281674540378,0.2856309990621009
11590.0,7271.5625,7471.17,7287.563022858175,7500.862,0.37260030198446936,0.3553779119930975,0.371219756440192,0.3528160641582183
7882.0,6122.9375,7457.47,7358.452279777113,5352.157,0.22317463841664553,0.05386069525501139,0.06642320733606784,0.32096457414837604
1495.0,678.0625,1353.33,959.2917937798372,1142.0798,0.5464464882943144,0.09476254180602012,0.35833324830780117,0.23606700067934783
2255.0,3666.8125,2298.22,2362.83093722256,2237.6816,0.6260809312638581,0.01916629711751654,0.047818597437942305,0.007679981984478936
1549.0,1119.8125,1744.72,4878.67191919334,1637.1492,0.2770739186571982,0.1263524854744997,2.1495622460899546,0.056907146495723045
4811.0,5870.5625,5366.91,6558.610264849895,5778.694,0.22023747661608814,0.11554978175015586,0.3632530170130733,0.20114193466145291
1410.0,2691.8125,2934.07,2869.379410458828,2675.3486,0.9090868794326241,1.0809007092198584,1.0350208584814382,0.8974103778812057
3448.0,1930.0625,2662.77,3538.393190951503,2142.0159,0.4402370939675174,0.2277349187935035,0.02621612266574917,0.3787656992051552
4771.0,2851.3125,2155.8,3305.5509556026086,2465.6033,0.40236585621463006,0.5481450429679312,0.307157628253488,0.48321038116026516
2315.0,597.0625,1309.11,1164.5125171564143,1163.436,0.7420896328293737,0.43450971922246223,0.4969708349216353,0.49743583794546437
4788.0,6170.0625,5329.06,4781.647127825485,4627.9985,0.2886513157894737,0.1130033416875523,0.0013268321166489436,0.03341718146277151
1568.0,1496.5625,2871.67,2164.291635583817,1805.1506,0.04555963010204082,0.8314221938775511,0.38028803289784247,0.15124402727399552
1569.0,52.0625,1393.33,1223.4027125722976,1630.3995,0.9668180369662205,0.11196303377947742,0.22026595757023737,0.03913291021849108
5998.0,5522.5625,6466.22,6562.163118771998,8863.722,0.0792660053351117,0.07806268756252088,0.09405853930843576,0.4777795397945148
1169.0,2599.5625,1977.98,2802.192072434266,2689.4966,1.2237489307100085,0.692027373823781,1.3970847497299108,1.300681421754705
1223.0,3912.5625,2377.6,2863.263786171559,2234.757,2.199151676206051,0.9440719542109566,1.3411805283495983,0.8272747997368152
2659.0,1653.5625,2589.155,1966.6015950755004,3344.7295,0.37812617525385483,0.02626739375705145,0.26039804622959745,0.257889993301053
700.0,762.8125,1129.13,1521.5844225405676,1394.3815,0.08973214285714286,0.6130428571428573,1.1736920322008109,0.9919735281808035
2848.0,3504.0625,2866.31,3244.7949307200934,4055.2363,0.2303590238764045,0.006429073033707846,0.13932406275284176,0.42388916015625
1366.0,787.0625,1707.02,1184.0925247705845,1866.2435,0.42381954612005857,0.2496486090775988,0.13316799065110943,0.3662104906833364
9055.0,6945.3125,7950.91,7569.638016816052,6753.1113,0.23298591938155716,0.12193152954168969,0.16403776733119246,0.25421189087520707
1987.0,3409.0625,3188.26,3090.752711892575,3659.2944,0.7156831907398088,0.6045596376446906,0.5554870215866005,0.841617732055234
2924.0,4762.8125,5345.35,4976.449581063308,5586.9497,0.6288688440492476,0.8280950752393982,0.7019321412665211,0.9107215140325753
2622.0,1409.0625,1875.47,1668.4948453581385,1679.8887,0.46260011441647597,0.28471777269260107,0.3636556653859121,0.3593101937929062
6304.0,3694.5625,3137.81,3324.5366204294883,2130.8047,0.4139336135786802,0.5022509517766498,0.4726306122415152,0.6619916422112944
4463.0,6109.5625,7792.72,7118.129605720649,7920.1997,0.3689362536410486,0.7460721487788484,0.5949203687476248,0.7746358294938942
7409.0,5052.0625,4088.2,4654.484616915947,3596.7964,0.31811816709407476,0.4482116344985828,0.3717796440928671,0.5145368623675597
717.0,3224.5625,1930.9,2368.1642073300955,2282.0986,3.497297768479777,1.69302649930265,2.3028789502511793,2.182843281467922
2212.0,2990.0625,3224.115,2332.4683674695766,3966.4116,0.35174615732368897,0.45755650994575037,0.0544612872828104,0.793133644255764
1553.0,1336.5625,2343.225,1540.0578224509359,1234.4745,0.13936735350933677,0.5088377334191886,0.008333662298173939,0.20510335653271894
12976.0,5057.0625,6013.76,7346.708658469355,8395.744,0.6102757012946979,0.5365474722564735,0.4338233154693777,0.35297902738709924
1934.0,2944.5625,2158.55,2555.071590350885,1713.8325,0.5225245604963805,0.11610651499482946,0.3211331904606437,0.11384047594040848
4281.0,5017.8125,5531.31,5542.170686231119,6435.144,0.17211224013081056,0.2920602662929223,0.2945972170593598,0.5031871158534805
2625.0,3396.0625,2977.23,3357.3249775546715,2948.3853,0.29373809523809524,0.13418285714285716,0.27898094383035105,0.12319438244047619
666.0,516.3125,935.95,1042.9519096895926,-276.60428,0.224756006006006,0.4053303303303304,0.5659938583927817,1.415321739586266
3488.0,3191.5625,4776.24,4230.214125541808,4660.644,0.08498781536697247,0.36933486238532104,0.2127907470016652,0.3361938196584719
5234.0,4319.5625,4561.44,3591.198062313604,4231.9976,0.17471102407336644,0.12849828047382506,0.3138712146897967,0.19144104726905808
1382.0,2647.0625,1624.32,2025.7749229877572,1304.702,0.9153853111432706,0.17534008683068011,0.46582845368144515,0.05593196355485709
3349.0,5438.5625,8087.8,6749.01322366561,7649.025,0.6239362496267542,1.41498954911914,1.0152323749374768,1.2839727985499403
1213.0,1544.3125,1744.57,1946.8254342640557,1787.2363,0.2731347897774114,0.43822753503709805,0.6049673819159569,0.4734017544311624
836.0,634.5625,1386.65,950.7735990800186,629.37024,0.24095394736842105,0.6586722488038279,0.13728899411485476,0.24716478557677932
1289.0,817.0625,1708.6,1295.076735520134,2786.049,0.3661268425135764,0.32552366175329706,0.0047143021878463766,1.1614034695621607
1258.0,2335.0625,2314.48,1907.5718329979813,1788.8167,0.8561705087440381,0.8398092209856916,0.5163528084244685,0.4219528222500994
2522.0,4930.5625,5552.35,5555.370548219415,3989.4504,0.955020816812054,1.201566217287867,1.2027638969942167,0.5818598094580194
1076.0,2337.0625,1884.36,2792.71436864516,547.5455,1.1719911710037174,0.751263940520446,1.5954594504137174,0.49112874424590497
3835.0,5407.0625,7693.1,6761.421189069172,4799.2534,0.4099250325945241,1.0060234680573665,0.7630824482579328,0.2514350503177966
1505.0,3950.8125,3966.03,3159.8281695931296,4398.4717,1.625124584717608,1.6352358803986713,1.0995536010585578,1.9225725446428572
2406.0,2636.8125,3887.83,2486.1261133640405,3536.4153,0.09593204488778055,0.615889443059019,0.033302624008329396,0.46983178852997715
1512.0,2705.5625,2095.93,2102.9475775373157,2107.6687,0.7893931878306878,0.38619708994708984,0.39083834493208713,0.39396078119833
7865.0,2891.5625,1847.23,2459.2262176044214,2690.122,0.632350603941513,0.7651328671328672,0.687320252052839,0.6579628645502225
3590.0,2132.0625,3334.29,2264.0186117532458,2289.9922,0.4061107242339833,0.07122841225626741,0.3693541471439427,0.362119167827298
3349.0,2874.8125,3105.5775,3300.4469513570652,3393.249,0.14159077336518364,0.07268512988951929,0.014497775050144747,0.013212607774708868
7511.0,5144.5625,5309.56,5087.383661760388,5469.96,0.31506290773532153,0.29309545999201164,0.3226755875701786,0.27174011969944084
5493.0,6411.6875,8185.4,7301.226810125659,7912.5767,0.16724695066448206,0.49015110140178403,0.3291874768115162,0.4404836446670763
1950.0,2713.0625,2644.15,2005.1802012546952,2258.3347,0.39131410256410254,0.35597435897435903,0.028297539104971924,0.15812036758814102
2247.0,2607.5625,1701.68,1996.8016791033615,1456.2008,0.16046395193591456,0.24268802848242096,0.11134771735497931,0.35193555600175236
2764.0,5476.5625,5441.04,5470.368736198347,5685.5225,0.9813901953690304,0.9685383502170767,0.9791493256868113,1.0569907601076338
1919.0,5676.5625,4825.83,4760.859526837501,5242.4,1.9580836373110995,1.5147628973423657,1.4809064756839505,1.7318394488503126
1313.0,2619.0625,2693.8,3272.1286779958073,2911.99,0.9947162985529322,1.0516374714394519,1.4921010495017573,1.217814158594345
6948.0,8822.3125,7973.74,7610.113863307169,6014.25,0.26976288140472077,0.14763097294185373,0.09529560496648945,0.13439119170984457
1282.0,2029.0625,1882.24,1506.701479367856,2025.6396,0.5827320592823713,0.4682059282371295,0.1752741648735227,0.5800621282663807
